dia,voos,cancelados,taxa_pct,mediana_periodo_pct,vezes_a_mediana,dia_atipico
2025-12-17,2865,112,3.91,2.72,1.44,false
2026-05-19,2616,87,3.33,2.72,1.22,false
2025-09-12,2781,42,1.51,2.72,0.56,false
2026-03-19,2827,85,3.01,2.72,1.11,false
2025-08-01,2817,51,1.81,2.72,0.67,false
2026-04-14,2709,76,2.81,2.72,1.03,false
2026-05-13,2630,51,1.94,2.72,0.71,false
2026-05-10,2504,71,2.84,2.72,1.04,false
2025-08-22,2800,91,3.25,2.72,1.2,false
2026-05-16,2428,77,3.17,2.72,1.17,false
2026-04-22,2665,59,2.21,2.72,0.81,false
2026-07-14,2841,88,3.1,2.72,1.14,false
2026-02-06,2880,84,2.92,2.72,1.07,false
2025-08-31,2573,44,1.71,2.72,0.63,false
2025-12-24,2421,53,2.19,2.72,0.81,false
2025-08-25,2732,53,1.94,2.72,0.71,false
2026-04-07,2735,95,3.47,2.72,1.28,false
2026-01-13,2932,122,4.16,2.72,1.53,false
2026-01-18,2769,58,2.09,2.72,0.77,false
2026-03-28,2467,74,3.0,2.72,1.1,false
2026-04-27,2695,71,2.63,2.72,0.97,false
2025-10-17,2780,78,2.81,2.72,1.03,false
2025-11-23,2568,59,2.3,2.72,0.85,false
2026-07-28,2834,103,3.63,2.72,1.34,false
2026-03-16,2815,73,2.59,2.72,0.95,false
2026-02-13,2906,152,5.23,2.72,1.92,false
2025-09-24,2770,67,2.42,2.72,0.89,false
2025-08-04,2746,62,2.26,2.72,0.83,false
2026-03-20,2852,91,3.19,2.72,1.17,false
2026-03-06,2858,89,3.11,2.72,1.15,false
2026-01-26,2943,181,6.15,2.72,2.26,false
2026-01-09,2980,80,2.68,2.72,0.99,false
2026-07-07,2791,96,3.44,2.72,1.27,false
2026-02-16,2277,68,2.99,2.72,1.1,false
2025-10-26,2553,52,2.04,2.72,0.75,false
2025-11-01,2505,60,2.4,2.72,0.88,false
2026-06-07,2524,65,2.58,2.72,0.95,false
2026-05-01,2429,101,4.16,2.72,1.53,false
2026-07-10,2847,105,3.69,2.72,1.36,false
2026-01-05,2990,79,2.64,2.72,0.97,false
2026-03-12,2836,122,4.3,2.72,1.58,false
2025-10-14,2726,54,1.98,2.72,0.73,false
2026-04-20,2268,53,2.34,2.72,0.86,false
2026-02-20,2756,79,2.87,2.72,1.05,false
2026-06-05,2282,79,3.46,2.72,1.27,false
2026-05-04,2752,78,2.83,2.72,1.04,false
2025-11-08,2513,105,4.18,2.72,1.54,false
2026-04-25,2447,46,1.88,2.72,0.69,false
2025-08-05,2729,37,1.36,2.72,0.5,false
2026-02-05,2886,87,3.01,2.72,1.11,false
2025-12-14,2658,86,3.24,2.72,1.19,false
2026-07-22,2839,91,3.21,2.72,1.18,false
2025-12-27,2709,90,3.32,2.72,1.22,false
2026-03-24,2766,94,3.4,2.72,1.25,false
2025-09-21,2550,50,1.96,2.72,0.72,false
2026-07-18,2720,109,4.01,2.72,1.47,false
2025-09-01,2722,39,1.43,2.72,0.53,false
2026-07-21,2844,72,2.53,2.72,0.93,false
2026-05-14,2698,56,2.08,2.72,0.76,false
2025-08-23,2376,101,4.25,2.72,1.56,false
2025-12-31,2421,57,2.35,2.72,0.87,false
2026-01-10,2766,71,2.57,2.72,0.94,false
2026-06-13,2334,98,4.2,2.72,1.55,false
2025-08-11,2726,47,1.72,2.72,0.63,false
2026-07-09,2829,74,2.62,2.72,0.96,false
2026-04-09,2761,220,7.97,2.72,2.93,false
2026-01-25,2745,105,3.83,2.72,1.41,false
2026-01-30,2931,136,4.64,2.72,1.71,false
2025-12-09,2830,180,6.36,2.72,2.34,false
2026-05-07,2672,59,2.21,2.72,0.81,false
2025-12-22,2888,71,2.46,2.72,0.9,false
2026-01-24,2694,72,2.67,2.72,0.98,false
2026-05-29,2666,67,2.51,2.72,0.92,false
2025-10-19,2537,73,2.88,2.72,1.06,false
2025-11-07,2700,85,3.15,2.72,1.16,false
2025-11-18,2644,68,2.57,2.72,0.95,false
2026-06-28,2668,132,4.95,2.72,1.82,false
2026-04-15,2733,61,2.23,2.72,0.82,false
2026-05-26,2580,85,3.29,2.72,1.21,false
2025-09-11,2749,40,1.46,2.72,0.54,false
2026-04-03,2429,71,2.92,2.72,1.08,false
2026-06-23,2646,77,2.91,2.72,1.07,false
2025-11-09,2590,53,2.05,2.72,0.75,false
2026-05-22,2694,87,3.23,2.72,1.19,false
2026-07-08,2797,60,2.15,2.72,0.79,false
2026-07-17,2912,85,2.92,2.72,1.07,false
2026-03-30,2720,106,3.9,2.72,1.43,false
2025-10-02,2751,69,2.51,2.72,0.92,false
2026-04-02,2768,86,3.11,2.72,1.14,false
2025-09-13,2396,26,1.09,2.72,0.4,false
2025-09-16,2727,56,2.05,2.72,0.76,false
2025-10-11,2390,40,1.67,2.72,0.62,false
2026-04-19,2181,51,2.34,2.72,0.86,false
2026-03-31,2717,87,3.2,2.72,1.18,false
2026-04-05,2474,66,2.67,2.72,0.98,false
2026-06-24,2599,150,5.77,2.72,2.12,false
2026-07-13,2855,63,2.21,2.72,0.81,false
2026-06-04,2540,62,2.44,2.72,0.9,false
2025-10-07,2449,67,2.74,2.72,1.01,false
2025-11-17,2686,76,2.83,2.72,1.04,false
2025-09-23,2715,71,2.62,2.72,0.96,false
2026-01-02,2903,81,2.79,2.72,1.03,false
2026-06-27,2572,183,7.12,2.72,2.62,false
2025-10-28,2690,69,2.57,2.72,0.94,false
2026-03-25,2795,89,3.18,2.72,1.17,false
2026-01-03,2778,89,3.2,2.72,1.18,false
2026-03-15,2613,55,2.1,2.72,0.77,false
2025-11-10,2725,62,2.28,2.72,0.84,false
2025-10-18,2394,61,2.55,2.72,0.94,false
2025-10-13,2770,66,2.38,2.72,0.88,false
2025-08-12,2702,53,1.96,2.72,0.72,false
2026-01-20,2883,84,2.91,2.72,1.07,false
2026-07-30,2833,98,3.46,2.72,1.27,false
2026-05-25,2680,95,3.54,2.72,1.3,false
2026-03-05,2832,81,2.86,2.72,1.05,false
2026-07-26,2712,70,2.58,2.72,0.95,false
2026-04-10,2739,119,4.34,2.72,1.6,false
2025-09-22,2723,202,7.42,2.72,2.73,false
2026-04-21,2587,73,2.82,2.72,1.04,false
2026-04-11,2462,91,3.7,2.72,1.36,false
2025-11-22,2175,41,1.89,2.72,0.69,false
2026-06-03,2636,86,3.26,2.72,1.2,false
2026-02-09,2821,96,3.4,2.72,1.25,false
2025-08-02,2520,38,1.51,2.72,0.55,false
2026-04-23,2731,62,2.27,2.72,0.84,false
2026-02-03,2872,74,2.58,2.72,0.95,false
2025-12-06,2596,68,2.62,2.72,0.96,false
2025-10-16,2778,50,1.8,2.72,0.66,false
2026-05-06,2648,68,2.57,2.72,0.95,false
2025-08-03,2621,46,1.76,2.72,0.65,false
2026-04-01,2709,77,2.84,2.72,1.05,false
2025-11-30,2614,70,2.68,2.72,0.99,false
2025-08-18,2732,86,3.15,2.72,1.16,false
2026-07-23,2874,88,3.06,2.72,1.13,false
2025-11-28,2712,59,2.18,2.72,0.8,false
2026-02-19,2736,167,6.1,2.72,2.25,false
2025-11-12,2695,50,1.86,2.72,0.68,false
2026-04-13,2746,64,2.33,2.72,0.86,false
2026-01-15,2957,99,3.35,2.72,1.23,false
2026-05-02,2084,60,2.88,2.72,1.06,false
2025-08-26,2705,70,2.59,2.72,0.95,false
2025-10-03,2759,50,1.81,2.72,0.67,false
2026-01-01,2374,105,4.42,2.72,1.63,false
2026-02-10,2804,81,2.89,2.72,1.06,false
2025-08-09,2410,58,2.41,2.72,0.89,false
2026-06-19,2685,78,2.91,2.72,1.07,false
2026-06-16,2665,92,3.45,2.72,1.27,false
2026-05-24,2502,80,3.2,2.72,1.18,false
2025-09-09,2704,52,1.92,2.72,0.71,false
2026-03-04,2836,68,2.4,2.72,0.88,false
2025-11-27,2713,70,2.58,2.72,0.95,false
2026-02-27,2871,70,2.44,2.72,0.9,false
2025-10-20,2769,86,3.11,2.72,1.14,false
2025-08-16,2399,52,2.17,2.72,0.8,false
2026-03-08,2626,84,3.2,2.72,1.18,false
2025-10-06,2708,40,1.48,2.72,0.54,false
2025-11-21,2295,43,1.87,2.72,0.69,false
2026-05-15,2718,105,3.86,2.72,1.42,false
2026-07-24,2885,76,2.63,2.72,0.97,false
2025-12-01,2779,82,2.95,2.72,1.09,false
2026-04-26,2533,63,2.49,2.72,0.92,false
2026-07-11,2700,72,2.67,2.72,0.98,false
2026-07-31,2866,100,3.49,2.72,1.28,false
2026-05-20,2642,82,3.1,2.72,1.14,false
2025-11-02,2585,67,2.59,2.72,0.95,false
2025-11-05,2686,50,1.86,2.72,0.69,false
2025-09-30,2724,238,8.74,2.72,3.22,true
2026-03-02,2801,73,2.61,2.72,0.96,false
2026-06-17,2688,70,2.6,2.72,0.96,false
2026-02-21,2591,52,2.01,2.72,0.74,false
2026-01-21,2921,63,2.16,2.72,0.79,false
2026-07-19,2741,65,2.37,2.72,0.87,false
2026-06-20,2495,82,3.29,2.72,1.21,false
2025-08-28,2743,64,2.33,2.72,0.86,false
2026-03-03,2773,78,2.81,2.72,1.04,false
2025-11-19,2590,51,1.97,2.72,0.72,false
2025-08-07,2762,41,1.48,2.72,0.55,false
2026-02-26,2861,74,2.59,2.72,0.95,false
2026-06-09,2678,77,2.88,2.72,1.06,false
2026-07-25,2690,69,2.57,2.72,0.94,false
2025-12-21,2708,59,2.18,2.72,0.8,false
2026-01-23,2933,96,3.27,2.72,1.2,false
2025-12-25,2350,66,2.81,2.72,1.03,false
2026-03-18,2832,95,3.35,2.72,1.23,false
2026-06-18,2735,66,2.41,2.72,0.89,false
2025-12-12,2848,131,4.6,2.72,1.69,false
2026-07-27,2856,93,3.26,2.72,1.2,false
2026-04-17,2727,85,3.12,2.72,1.15,false
2026-01-11,2790,57,2.04,2.72,0.75,false
2026-05-18,2688,96,3.57,2.72,1.31,false
2025-12-10,2846,508,17.85,2.72,6.57,true
2026-04-24,2749,75,2.73,2.72,1.0,false
2026-02-22,2672,56,2.1,2.72,0.77,false
2025-10-29,2720,141,5.18,2.72,1.91,false
2026-05-11,2688,89,3.31,2.72,1.22,false
2025-12-08,2873,140,4.87,2.72,1.79,false
2025-12-11,2847,404,14.19,2.72,5.22,true
2025-12-23,2831,60,2.12,2.72,0.78,false
2026-02-17,2648,74,2.79,2.72,1.03,false
2026-06-02,2637,112,4.25,2.72,1.56,false
2025-11-14,2690,54,2.01,2.72,0.74,false
2026-06-25,2766,117,4.23,2.72,1.56,false
2025-12-05,2847,61,2.14,2.72,0.79,false
2025-10-22,2762,63,2.28,2.72,0.84,false
2026-07-02,2821,118,4.18,2.72,1.54,false
2026-06-22,2737,90,3.29,2.72,1.21,false
2026-04-06,2769,80,2.89,2.72,1.06,false
2025-08-17,2579,37,1.43,2.72,0.53,false
2026-02-18,2820,72,2.55,2.72,0.94,false
2026-02-07,2660,90,3.38,2.72,1.25,false
2026-06-29,2794,103,3.69,2.72,1.36,false
2026-06-26,2792,163,5.84,2.72,2.15,false
2026-04-12,2531,71,2.81,2.72,1.03,false
2026-02-12,2860,65,2.27,2.72,0.84,false
2025-09-29,2724,49,1.8,2.72,0.66,false
2025-11-11,2673,76,2.84,2.72,1.05,false
2025-11-26,2719,75,2.76,2.72,1.02,false
2025-12-30,2865,69,2.41,2.72,0.89,false
2025-09-03,2752,48,1.74,2.72,0.64,false
2025-12-18,2859,67,2.34,2.72,0.86,false
2026-03-27,2808,83,2.96,2.72,1.09,false
2026-03-11,2828,125,4.42,2.72,1.63,false
2025-10-04,2374,45,1.9,2.72,0.7,false
2025-10-31,2719,99,3.64,2.72,1.34,false
2025-10-08,2760,75,2.72,2.72,1.0,false
2026-01-08,2961,100,3.38,2.72,1.24,false
2025-09-27,2383,38,1.59,2.72,0.59,false
2025-10-24,2774,62,2.24,2.72,0.82,false
2026-05-17,2501,75,3.0,2.72,1.1,false
2025-08-21,2749,57,2.07,2.72,0.76,false
2025-08-06,2770,52,1.88,2.72,0.69,false
2025-11-03,2703,63,2.33,2.72,0.86,false
2026-01-06,2945,67,2.28,2.72,0.84,false
2025-12-07,2671,103,3.86,2.72,1.42,false
2025-11-25,2690,69,2.57,2.72,0.94,false
2026-01-04,2809,76,2.71,2.72,1.0,false
2026-02-28,2598,63,2.42,2.72,0.89,false
2025-08-14,2738,40,1.46,2.72,0.54,false
2026-06-30,2764,112,4.05,2.72,1.49,false
2026-01-28,2925,101,3.45,2.72,1.27,false
2026-03-07,2501,94,3.76,2.72,1.38,false
2026-07-03,2841,144,5.07,2.72,1.87,false
2025-12-20,2655,41,1.54,2.72,0.57,false
2026-04-04,2143,79,3.69,2.72,1.36,false
2025-09-10,2752,52,1.89,2.72,0.7,false
2025-10-10,2781,64,2.3,2.72,0.85,false
2026-07-04,2646,70,2.65,2.72,0.97,false
2025-11-20,2513,63,2.51,2.72,0.92,false
2026-06-10,2675,89,3.33,2.72,1.22,false
2025-09-04,2731,60,2.2,2.72,0.81,false
2026-01-29,2914,111,3.81,2.72,1.4,false
2026-03-10,2759,84,3.04,2.72,1.12,false
2025-08-24,2570,63,2.45,2.72,0.9,false
2025-09-28,2550,35,1.37,2.72,0.51,false
2026-06-08,2738,63,2.3,2.72,0.85,false
2025-12-19,2869,82,2.86,2.72,1.05,false
2025-09-17,2767,50,1.81,2.72,0.66,false
2026-01-16,2961,101,3.41,2.72,1.26,false
2025-09-06,2393,42,1.76,2.72,0.65,false
2026-03-26,2726,85,3.12,2.72,1.15,false
2026-07-12,2730,62,2.27,2.72,0.84,false
2026-07-16,2890,108,3.74,2.72,1.38,false
2025-11-24,2701,65,2.41,2.72,0.89,false
2026-05-05,2682,104,3.88,2.72,1.43,false
2026-04-08,2720,90,3.31,2.72,1.22,false
2026-05-12,2653,78,2.94,2.72,1.08,false
2026-02-23,2865,75,2.62,2.72,0.96,false
2026-03-23,2804,79,2.82,2.72,1.04,false
2026-06-12,2723,184,6.76,2.72,2.49,false
2025-10-23,2760,73,2.64,2.72,0.97,false
2026-02-15,2303,119,5.17,2.72,1.9,false
2025-12-03,2774,98,3.53,2.72,1.3,false
2026-03-17,2764,85,3.08,2.72,1.13,false
2025-09-15,2746,42,1.53,2.72,0.56,false
2026-01-12,2971,63,2.12,2.72,0.78,false
2025-09-07,2564,56,2.18,2.72,0.8,false
2025-10-21,2728,83,3.04,2.72,1.12,false
2026-04-28,2670,83,3.11,2.72,1.14,false
2025-09-14,2561,29,1.13,2.72,0.42,false
2026-03-14,2498,72,2.88,2.72,1.06,false
2025-10-09,2766,98,3.54,2.72,1.3,false
2026-07-29,2804,173,6.17,2.72,2.27,false
2025-11-04,2668,54,2.02,2.72,0.74,false
2026-03-13,2840,109,3.84,2.72,1.41,false
2025-11-29,2535,56,2.21,2.72,0.81,false
2026-01-27,2879,116,4.03,2.72,1.48,false
2025-09-26,2770,67,2.42,2.72,0.89,false
2026-06-11,2694,64,2.38,2.72,0.87,false
2025-11-06,2715,57,2.1,2.72,0.77,false
2026-06-15,2726,97,3.56,2.72,1.31,false
2026-03-01,2671,61,2.28,2.72,0.84,false
2026-05-08,2713,90,3.32,2.72,1.22,false
2026-05-23,2387,83,3.48,2.72,1.28,false
2025-09-19,2774,46,1.66,2.72,0.61,false
2025-09-08,2740,76,2.77,2.72,1.02,false
2025-12-04,2873,102,3.55,2.72,1.31,false
2026-02-02,2914,83,2.85,2.72,1.05,false
2025-12-02,2756,99,3.59,2.72,1.32,false
2026-02-04,2889,99,3.43,2.72,1.26,false
2026-06-01,2676,76,2.84,2.72,1.05,false
2025-12-28,2730,68,2.49,2.72,0.92,false
2025-08-30,2386,46,1.93,2.72,0.71,false
2026-05-21,2683,63,2.35,2.72,0.86,false
2026-01-31,2729,87,3.19,2.72,1.17,false
2025-09-05,2773,67,2.42,2.72,0.89,false
2025-10-27,2712,64,2.36,2.72,0.87,false
2026-05-31,2469,84,3.4,2.72,1.25,false
2025-08-08,2805,84,2.99,2.72,1.1,false
2025-08-20,2773,57,2.06,2.72,0.76,false
2025-11-13,2691,47,1.75,2.72,0.64,false
2026-05-09,2416,72,2.98,2.72,1.1,false
2025-12-15,2865,97,3.39,2.72,1.25,false
2026-01-07,2979,74,2.48,2.72,0.91,false
2025-10-05,2530,42,1.66,2.72,0.61,false
2026-05-30,2389,64,2.68,2.72,0.99,false
2026-06-06,2205,61,2.77,2.72,1.02,false
2026-02-08,2729,63,2.31,2.72,0.85,false
2026-04-18,2347,65,2.77,2.72,1.02,false
2026-05-03,2455,41,1.67,2.72,0.61,false
2026-02-25,2844,73,2.57,2.72,0.94,false
2026-04-30,2698,78,2.89,2.72,1.06,false
2026-05-28,2643,65,2.46,2.72,0.91,false
2025-12-26,2857,88,3.08,2.72,1.13,false
2025-11-15,2469,45,1.82,2.72,0.67,false
2025-09-25,2758,71,2.57,2.72,0.95,false
2026-03-09,2803,66,2.35,2.72,0.87,false
2025-08-27,2757,66,2.39,2.72,0.88,false
2026-06-21,2602,84,3.23,2.72,1.19,false
2026-07-20,2865,53,1.85,2.72,0.68,false
2025-08-10,2592,44,1.7,2.72,0.62,false
2026-01-22,2914,75,2.57,2.72,0.95,false
2025-09-02,2704,44,1.63,2.72,0.6,false
2026-07-06,2848,94,3.3,2.72,1.21,false
2025-10-12,2543,43,1.69,2.72,0.62,false
2025-08-29,2796,79,2.83,2.72,1.04,false
2025-08-15,2776,63,2.27,2.72,0.84,false
2026-07-15,2741,71,2.59,2.72,0.95,false
2026-01-14,2967,102,3.44,2.72,1.27,false
2026-07-05,2677,72,2.69,2.72,0.99,false
2026-02-24,2832,98,3.46,2.72,1.27,false
2025-10-15,2774,57,2.05,2.72,0.76,false
2025-10-30,2713,76,2.8,2.72,1.03,false
2025-08-19,2705,62,2.29,2.72,0.84,false
2026-01-17,2770,70,2.53,2.72,0.93,false
2026-06-14,2530,77,3.04,2.72,1.12,false
2026-02-14,2645,97,3.67,2.72,1.35,false
2026-04-29,2708,84,3.1,2.72,1.14,false
2025-10-25,2392,40,1.67,2.72,0.62,false
2025-11-16,2557,60,2.35,2.72,0.86,false
2026-02-11,2846,64,2.25,2.72,0.83,false
2026-03-22,2628,47,1.79,2.72,0.66,false
2026-03-21,2513,83,3.3,2.72,1.22,false
2026-02-01,2750,101,3.67,2.72,1.35,false
2025-12-29,2908,80,2.75,2.72,1.01,false
2025-09-20,2396,58,2.42,2.72,0.89,false
2025-12-13,2617,102,3.9,2.72,1.43,false
2026-07-01,2822,87,3.08,2.72,1.13,false
2025-09-18,2751,32,1.16,2.72,0.43,false
2026-01-19,2952,102,3.46,2.72,1.27,false
2026-05-27,2568,74,2.88,2.72,1.06,false
2025-08-13,2746,53,1.93,2.72,0.71,false
2025-10-01,2754,56,2.03,2.72,0.75,false
2026-03-29,2536,104,4.1,2.72,1.51,false
2026-04-16,2700,67,2.48,2.72,0.91,false
2025-12-16,2836,100,3.53,2.72,1.3,false
