icao_empresa,nome_companhia,sigla_iata,servico_autorizado,cadastro_companhia,no_cadastro_anac
TPA,TAMPA CARGO S.A.,QT,ESTRANGEIRA REGULAR,estrangeira,true
DTA,TAAG LINHAS AÉREAS DE ANGOLA (ANGOLA AIRLINES),DT,ESTRANGEIRA REGULAR,estrangeira,true
AMX,AEROVÍAS DE MÉXICO S.A DE C.V - AEROMÉXICO,AM,ESTRANGEIRA REGULAR,estrangeira,true
ABJ,ATA - AEROTÁXI ABAETÉ LTDA.,E4,"AEROMÉDICO, TÁXI-AÉREO, TRANSPORTE AÉREO NÃO REGULAR, TRANSPORTE AÉREO REGULAR",nacional,true
ACA,AIR CANADA,AC,ESTRANGEIRA REGULAR,estrangeira,true
TTL,TOTAL LINHAS AÉREAS S.A.,L1,"TRANSPORTE AÉREO NÃO REGULAR, TRANSPORTE AÉREO REGULAR",nacional,true
LAN,LATAM AIRLINES GROUP (EX - LAN AIRLINES S/A),LA,ESTRANGEIRA REGULAR,estrangeira,true
GTI,ATLAS AIR INC,5Y,ESTRANGEIRA REGULAR,estrangeira,true
AZP,COMPAÑIA DE AVIACION PARAGUAYA SOCIEDAD ANONIMA - PARANAIR (EX- AMASZONAS PARAGUAY),ZP,ESTRANGEIRA REGULAR,estrangeira,true
GTR,GALISTAIR TRANDING LTD.,GT,ESTRANGEIRA NÃO REGULAR,estrangeira,true
THY,TURKISH AIRLINES INC,TK,ESTRANGEIRA REGULAR,estrangeira,true
MAA,AEROTRANSPORTES MAS DE CARGA S.A. DE C.V.,M7,ESTRANGEIRA REGULAR,estrangeira,true
PLS,PLACAR LINHAS AÉREAS S.A.,PL,TRANSPORTE AÉREO NÃO REGULAR,nacional,true
TCV,EMPRESA DE TRANSPORTES AÉREOS DE CABO VERDE - TACV S.A.,VR,ESTRANGEIRA REGULAR,estrangeira,true
AAL,"AMERICAN AIRLINES, INC.",AA,ESTRANGEIRA REGULAR,estrangeira,true
ACN,AZUL CONECTA LTDA. (EX TWO TAXI AEREO LTDA),2F,"TRANSPORTE AÉREO NÃO REGULAR, TRANSPORTE AÉREO REGULAR",nacional,true
CJT,CARGOJET AIRWAYS LTD.,W8,ESTRANGEIRA REGULAR,estrangeira,true
KLM,KLM CIA. REAL HOLANDESA DE AVIAÇÃO,KL,ESTRANGEIRA REGULAR,estrangeira,true
RAM,COMPAGNIE NATIONALE ROYAL AIR MAROC,AT,ESTRANGEIRA REGULAR,estrangeira,true
MSI,COMPANHIA NAO CADASTRADA (MSI),,,,false
TOT,ANIVIA LINHAS AÉREAS LTDA,TT,"TRANSPORTE AÉREO NÃO REGULAR, TRANSPORTE AÉREO REGULAR",nacional,true
NCR,NATIONAL AIRLINES,N8,ESTRANGEIRA NÃO REGULAR,estrangeira,true
ETR,ESTELAR LATINOAMERICA C.A.,ES,ESTRANGEIRA NÃO REGULAR,estrangeira,true
CHG,CHALLENGE AIRLINES (BE) S.A.,X7,ESTRANGEIRA NÃO REGULAR,estrangeira,true
IBE,IBÉRIA LINEAS AEREAS DE ESPAÑA SOCIEDAD ANONIMA OPERADORA,IB,ESTRANGEIRA REGULAR,estrangeira,true
EAL,"EASTERN AIRLINES, LLC",2D,ESTRANGEIRA NÃO REGULAR,estrangeira,true
LVL,"FLY LEVEL BARCELONA LH, SL",LL,ESTRANGEIRA NÃO REGULAR,estrangeira,true
RUC,"RUTAS AÉREAS, CA - RUTACA",5R,ESTRANGEIRA NÃO REGULAR,estrangeira,true
RER,SERVICIO AEREO REGIONAL REGAIR AIR LTDA,0L,ESTRANGEIRA NÃO REGULAR,estrangeira,true
USY,USC GMBH,XG,ESTRANGEIRA NÃO REGULAR,estrangeira,true
SWR,SWISS INTERNATIONAL AIR LINES LTD.,LX,ESTRANGEIRA REGULAR,estrangeira,true
CMP,COMPAÑIA PANAMEÑA DE AVIACION S.A. (COPA AIRLINES),CM,ESTRANGEIRA REGULAR,estrangeira,true
MWM,MODERN TRANSPORTE AEREO DE CARGA S.A,WD,"TRANSPORTE AÉREO NÃO REGULAR, TRANSPORTE AÉREO REGULAR",nacional,true
UPS,UPS - UNITED PARCEL SERVICE CO.,5X,ESTRANGEIRA REGULAR,estrangeira,true
TAM,TAM LINHAS AÉREAS S.A.,JJ,TRANSPORTE AÉREO REGULAR,nacional,true
OAE,OMNI AIR INTERNATIONAL,OY,ESTRANGEIRA NÃO REGULAR,estrangeira,true
ARU,ARUBA AIRLINES,AG,ESTRANGEIRA NÃO REGULAR,estrangeira,true
DLH,DEUTSCHE LUFTHANSA A.G.,LH,ESTRANGEIRA REGULAR,estrangeira,true
SKX,SKY AIRLINE PERU S.A.C.,H8,ESTRANGEIRA REGULAR,estrangeira,true
TSC,AIR TRANSAT A.T. INC DO BRASIL,TS,ESTRANGEIRA REGULAR,estrangeira,true
SKU,SKY AIRLINE S.A.,H2,ESTRANGEIRA REGULAR,estrangeira,true
RZN,GRIDIRON AIR LLC.,GI,ESTRANGEIRA NÃO REGULAR,estrangeira,true
ARG,AEROLINEAS ARGENTINAS S/A,AR,ESTRANGEIRA REGULAR,estrangeira,true
BAW,BRITISH AIRWAYS PLC,BA,ESTRANGEIRA REGULAR,estrangeira,true
CHZ,CHALLENGE AIRCARGO LTD.,X6,ESTRANGEIRA NÃO REGULAR,estrangeira,true
TXG,COMPANHIA NAO CADASTRADA (TXG),,,,false
MPH,MARTINAIR HOLLAND N.V.,MP,ESTRANGEIRA NÃO REGULAR,estrangeira,true
SRU,STAR UP S.A - STAR PERU,2I,ESTRANGEIRA NÃO REGULAR,estrangeira,true
JAT,JETSMART AIRLINES SPA - CHILE,JA,ESTRANGEIRA REGULAR,estrangeira,true
TVS,SMARTWINGS A.S.,QS,ESTRANGEIRA NÃO REGULAR,estrangeira,true
EUS,EURUS AVIATION S.A.P.I DE C.V,EC,ESTRANGEIRA NÃO REGULAR,estrangeira,true
UAL,"UNITED AIRLINES, INC",UA,ESTRANGEIRA REGULAR,estrangeira,true
AXY,COMPANHIA NAO CADASTRADA (AXY),,,,false
QCL,AIR EXPRESS S.A. (AIR CLASS LINEAS AEREAS) / EX-AERO V.I.P. LTDA,VZ,ESTRANGEIRA NÃO REGULAR,estrangeira,true
SLM,SURINAM AIRWAYS LTD,PY,ESTRANGEIRA REGULAR,estrangeira,true
AWC,TITAN AIRWAYS,ZT,ESTRANGEIRA NÃO REGULAR,estrangeira,true
ANS,ANDES LINEAS AEREAS,O4,ESTRANGEIRA NÃO REGULAR,estrangeira,true
SID,SIDERAL LINHAS AÉREAS LTDA.,0S,"TRANSPORTE AÉREO NÃO REGULAR, TRANSPORTE AÉREO REGULAR",nacional,true
KAL,KOREAN AIR LINES CO. LTD.,KE,ESTRANGEIRA REGULAR,estrangeira,true
ARN,AERONEXUS CORPORATE,AN,ESTRANGEIRA NÃO REGULAR,estrangeira,true
ARE,AIRES - AEROVÍAS DE INTEGRACÍON REGIONAL S.A.,4C,ESTRANGEIRA REGULAR,estrangeira,true
AEB,AVION EXPRESS BRASIL LTDA,Z3,"TRANSPORTE AÉREO NÃO REGULAR, TRANSPORTE AÉREO REGULAR",nacional,true
MMZ,EUROATLANTIC AIRWAYS,YU,ESTRANGEIRA REGULAR,estrangeira,true
UKL,UKRAINE AIR ALLIANCE AIRLINES,K1,ESTRANGEIRA NÃO REGULAR,estrangeira,true
CLX,CARGOLUX AIRLINES INTERNATIONAL S/A,CV,ESTRANGEIRA REGULAR,estrangeira,true
AJB,AMERICAN JET S.A.,Z0,ESTRANGEIRA NÃO REGULAR,estrangeira,true
BOV,BOA BOLIVIANA DE AVIACIÓN,OB,ESTRANGEIRA REGULAR,estrangeira,true
WIN,TM AEROLÍNEAS S.A. DE C.V. (AWESOME CARGO),A7,ESTRANGEIRA REGULAR,estrangeira,true
QTR,QATAR AIRWAYS GROUP,QR,ESTRANGEIRA REGULAR,estrangeira,true
ABD,AIR ATLANTA ICELANDIC,CC,ESTRANGEIRA NÃO REGULAR,estrangeira,true
ITY,ITALIA TRANSPORTO AEREO S.P.A.,AZ,ESTRANGEIRA REGULAR,estrangeira,true
UAE,EMIRATES,EK,ESTRANGEIRA REGULAR,estrangeira,true
LPE,LATAM AIRLINES PERU (EX-LAN PERU S.A.),LP,ESTRANGEIRA REGULAR,estrangeira,true
VVT,COMPANHIA NAO CADASTRADA (VVT),,,,false
AZU,AZUL LINHAS AÉREAS BRASILEIRAS S/A,AD,"TRANSPORTE AÉREO NÃO REGULAR, TRANSPORTE AÉREO REGULAR",nacional,true
IGA,SKY TAXI SP. Z O.O.,TE,ESTRANGEIRA NÃO REGULAR,estrangeira,true
KRE,AEROSUCRE SA,6N,ESTRANGEIRA NÃO REGULAR,estrangeira,true
BUY,FREEDOM II BERMUDA LIMITED,FA,ESTRANGEIRA NÃO REGULAR,estrangeira,true
CQB,APUÍ TÁXI AÉREO S/A,Q1,"TÁXI-AÉREO, TRANSPORTE AÉREO NÃO REGULAR, TRANSPORTE AÉREO REGULAR",nacional,true
ICE,ICELANDAIR,FI,ESTRANGEIRA NÃO REGULAR,estrangeira,true
BPC,BRASPRESS AIR CARGO TRANSPORTES AÉREOS LTDA,BP,"SERVIÇOS AÉREOS ESPECIALIZADOS - OUTROS, TRANSPORTE AÉREO NÃO REGULAR, TRANSPORTE AÉREO REGULAR",nacional,true
CKS,KALITTA AIR LLC,K4,ESTRANGEIRA REGULAR,estrangeira,true
GJW,COMPANHIA NAO CADASTRADA (GJW),,,,false
CCA,AIR CHINA,CA,ESTRANGEIRA REGULAR,estrangeira,true
1ED,COMPANHIA NAO CADASTRADA (1ED),,,,false
DAE,DHL AERO EXPRESO,D5,ESTRANGEIRA REGULAR,estrangeira,true
ETH,ETHIOPIAN AIRLINES GROUP,ET,ESTRANGEIRA REGULAR,estrangeira,true
LNE,LATAM AIRLINES ECUADOR S.A.,XL,ESTRANGEIRA REGULAR,estrangeira,true
AVA,AEROVIAS DEL CONTINENTE AMERICANO S.A. AVIANCA,AV,ESTRANGEIRA REGULAR,estrangeira,true
TFL,TUI AIRLINES NEDERLAND BV,OR,ESTRANGEIRA NÃO REGULAR,estrangeira,true
LAE,LÍNEA AÉREA CARGUEIRA DE COLOMBIA S.A - LANCO,L7,ESTRANGEIRA REGULAR,estrangeira,true
GLO,GOL LINHAS AÉREAS S.A. (EX- VRG LINHAS AÉREAS S.A.),G3,"TRANSPORTE AÉREO NÃO REGULAR, TRANSPORTE AÉREO REGULAR",nacional,true
CMA,CMA CGM AIR CARGO,2C,ESTRANGEIRA NÃO REGULAR,estrangeira,true
DAL,DELTA AIR LINES INC.,DL,ESTRANGEIRA REGULAR,estrangeira,true
JES,JETSMART AIRLINES S.A - ARGENTINA,WJ,ESTRANGEIRA REGULAR,estrangeira,true
LAP,TRANSPORTE AÉREOS DEL MERCOSUR S.A. (TAM MERCOSUR),PZ,ESTRANGEIRA REGULAR,estrangeira,true
FDX,FEDEX - FEDERAL EXPRESS CORPORATION,FX,ESTRANGEIRA REGULAR,estrangeira,true
DWI,ARAJET S.A.,DM,ESTRANGEIRA REGULAR,estrangeira,true
AEA,AIR EUROPA LINEAS AEREAS SOCIEDAD ANONIMA,UX,ESTRANGEIRA REGULAR,estrangeira,true
AFR,SOCIÉTÉ AIR FRANCE,AF,ESTRANGEIRA REGULAR,estrangeira,true
UCG,UNIWORLD AIR CARGO,U7,ESTRANGEIRA NÃO REGULAR,estrangeira,true
HGO,ONE AIR LIMITED,HC,ESTRANGEIRA NÃO REGULAR,estrangeira,true
GEC,LUFTHANSA CARGO AG,G0,ESTRANGEIRA REGULAR,estrangeira,true
VCV,"CONSORCIO VENEZOLANO DE INDUSTRIAS AERONAUTICAS Y SERVICIOS AÉREOS S.A., CONVIASA",VO,ESTRANGEIRA REGULAR,estrangeira,true
HFY,SPRINGJET S.A. (EX -HI FLY - TRANSPORTES AÉREOS S/A.),5K,ESTRANGEIRA NÃO REGULAR,estrangeira,true
SAA,SOUTH AFRICAN AIRWAYS STATE OWNED COMPANY (SOC) LIMITED,SA,ESTRANGEIRA REGULAR,estrangeira,true
TAP,TAP - TRANSPORTES AÉREOS PORTUGUESES S/A,TP,ESTRANGEIRA REGULAR,estrangeira,true
LCO,LAN CARGO S.A.,UC,ESTRANGEIRA REGULAR,estrangeira,true
AZG,SILK WAY WEST AIRLINES,7L,ESTRANGEIRA NÃO REGULAR,estrangeira,true
MLM,COMLUX MALTA LIMITED,6C,ESTRANGEIRA NÃO REGULAR,estrangeira,true
FBZ,FB LÍNEAS AÉREAS S.A (FLYBONDI),FO,ESTRANGEIRA REGULAR,estrangeira,true
LTG,ABSA - AEROLINHAS BRASILEIRAS S.A.,M3,"TRANSPORTE AÉREO NÃO REGULAR, TRANSPORTE AÉREO REGULAR",nacional,true
CVK,CAVOK AIR,CK,ESTRANGEIRA NÃO REGULAR,estrangeira,true
EPT,COMPANHIA NAO CADASTRADA (EPT),,,,false
GXA,"GLOBAL CROSSING AIRLINES, INC.",G6,ESTRANGEIRA NÃO REGULAR,estrangeira,true
TAY,ASL AIRLINES BELGIUM,3V,ESTRANGEIRA NÃO REGULAR,estrangeira,true
WAL,WORLD ATLANTIC AIRLINES,WL,ESTRANGEIRA NÃO REGULAR,estrangeira,true
CFG,CONDOR FLUGDIENST GMBH,DE,ESTRANGEIRA REGULAR,estrangeira,true
