icao_empresa,numero_voo,ocorrencias,cancelados,taxa_cancelamento,com_partida_real
IBE,0102,363,363,100.00,0
DWI,6206,78,78,100.00,0
DWI,6264,124,124,100.00,0
IBE,0108,277,277,100.00,0
IBE,2601,77,77,100.00,0
CMP,0624,58,58,100.00,0
ETH,3739,314,314,100.00,0
AVA,0224,31,31,100.00,0
IBE,0103,122,122,100.00,0
DWI,6267,53,53,100.00,0
DWI,6262,47,47,100.00,0
IBE,0121,125,125,100.00,0
IBE,0125,122,122,100.00,0
DWI,6268,93,93,100.00,0
QTR,8158,165,163,98.79,2
IBE,0126,123,123,100.00,0
IBE,0131,53,53,100.00,0
ITY,0681,154,154,100.00,0
IBE,0101,154,154,100.00,0
DWI,6201,155,155,100.00,0
ITY,0680,240,240,100.00,0
IBE,0106,361,361,100.00,0
IBE,2602,51,51,100.00,0
DWI,6207,78,78,100.00,0
DWI,6266,53,53,100.00,0
CMP,0620,58,58,100.00,0
QTR,8173,51,51,100.00,0
DWI,3260,70,70,100.00,0
QTR,8175,81,81,100.00,0
ETH,3504,64,64,100.00,0
ITY,0683,43,43,100.00,0
DWI,6426,54,54,100.00,0
ITY,0682,72,72,100.00,0
DWI,6263,50,50,100.00,0
DWI,3261,71,71,100.00,0
ETH,3503,92,92,100.00,0
DWI,6462,115,115,100.00,0
IBE,0124,122,122,100.00,0
ETH,3505,292,292,100.00,0
DWI,6200,143,143,100.00,0
DWI,6427,51,51,100.00,0
DLH,0511,125,125,100.00,0
DWI,6269,92,92,100.00,0
IBE,0105,275,275,100.00,0
IBE,0107,276,276,100.00,0
CMP,0623,58,58,100.00,0
DWI,6463,113,113,100.00,0
ETH,3500,210,210,100.00,0
DWI,6260,200,200,100.00,0
CMP,0621,58,58,100.00,0
IBE,0132,54,54,100.00,0
DWI,6265,131,131,100.00,0
IBE,0169,121,121,100.00,0
DWI,6261,200,200,100.00,0
